Name,User ID,Email Address,Role
"Chandrasekhar, Jay",jchandrasekhar3,jchandrasekhar3@gatech.edu,Student
"Heffernan, Kevin",kheffernan3, kheffernan3@gatech.edu,Student
"Lemme, Steve",slemme3,slemme3@gatech.edu,Student
"Soter, Paul",psoter3,psoter3@gatech.edu,Student
"Simpkins, Chris",cs257,simpkins@cc.gatech.edu,Instructor
"Stolhanske, Erik",estolhanske3,estolhanske3@gatech.edu,Student
